rpe,reps,percentage
10.0,1,1.0000
10.0,2,0.9600
10.0,3,0.9330
10.0,4,0.9060
10.0,5,0.8790
10.0,6,0.8530
10.0,7,0.8260
10.0,8,0.7990
10.0,9,0.7730
10.0,10,0.7460
10.0,11,0.7190
10.0,12,0.6920
10.0,13,0.6660
10.0,14,0.6390
10.0,15,0.6120
10.0,16,0.5860
10.0,17,0.5590
10.0,18,0.5320
10.0,19,0.5050
10.0,20,0.4790
10.0,21,0.4520
10.0,22,0.4250
10.0,23,0.3990
10.0,24,0.3720
10.0,25,0.3450
10.0,26,0.3180
10.0,27,0.2920
10.0,28,0.2650
10.0,29,0.2380
10.0,30,0.2120
9.5,1,0.9800
9.5,2,0.9465
9.5,3,0.9195
9.5,4,0.8925
9.5,5,0.8660
9.5,6,0.8395
9.5,7,0.8125
9.5,8,0.7860
9.5,9,0.7595
9.5,10,0.7325
9.5,11,0.7055
9.5,12,0.6790
9.5,13,0.6525
9.5,14,0.6255
9.5,15,0.5990
9.5,16,0.5725
9.5,17,0.5455
9.5,18,0.5185
9.5,19,0.4920
9.5,20,0.4655
9.5,21,0.4385
9.5,22,0.4120
9.5,23,0.3855
9.5,24,0.3585
9.5,25,0.3315
9.5,26,0.3050
9.5,27,0.2785
9.5,28,0.2515
9.5,29,0.2250
9.0,1,0.9600
9.0,2,0.9330
9.0,3,0.9060
9.0,4,0.8790
9.0,5,0.8530
9.0,6,0.8260
9.0,7,0.7990
9.0,8,0.7730
9.0,9,0.7460
9.0,10,0.7190
9.0,11,0.6920
9.0,12,0.6660
9.0,13,0.6390
9.0,14,0.6120
9.0,15,0.5860
9.0,16,0.5590
9.0,17,0.5320
9.0,18,0.5050
9.0,19,0.4790
9.0,20,0.4520
9.0,21,0.4250
9.0,22,0.3990
9.0,23,0.3720
9.0,24,0.3450
9.0,25,0.3180
9.0,26,0.2920
9.0,27,0.2650
9.0,28,0.2380
9.0,29,0.2120
8.5,1,0.9465
8.5,2,0.9195
8.5,3,0.8925
8.5,4,0.8660
8.5,5,0.8395
8.5,6,0.8125
8.5,7,0.7860
8.5,8,0.7595
8.5,9,0.7325
8.5,10,0.7055
8.5,11,0.6790
8.5,12,0.6525
8.5,13,0.6255
8.5,14,0.5990
8.5,15,0.5725
8.5,16,0.5455
8.5,17,0.5185
8.5,18,0.4920
8.5,19,0.4655
8.5,20,0.4385
8.5,21,0.4120
8.5,22,0.3855
8.5,23,0.3585
8.5,24,0.3315
8.5,25,0.3050
8.5,26,0.2785
8.5,27,0.2515
8.5,28,0.2250
8.0,1,0.9330
8.0,2,0.9060
8.0,3,0.8790
8.0,4,0.8530
8.0,5,0.8260
8.0,6,0.7990
8.0,7,0.7730
8.0,8,0.7460
8.0,9,0.7190
8.0,10,0.6920
8.0,11,0.6660
8.0,12,0.6390
8.0,13,0.6120
8.0,14,0.5860
8.0,15,0.5590
8.0,16,0.5320
8.0,17,0.5050
8.0,18,0.4790
8.0,19,0.4520
8.0,20,0.4250
8.0,21,0.3990
8.0,22,0.3720
8.0,23,0.3450
8.0,24,0.3180
8.0,25,0.2920
8.0,26,0.2650
8.0,27,0.2380
8.0,28,0.2120
7.5,1,0.9195
7.5,2,0.8925
7.5,3,0.8660
7.5,4,0.8395
7.5,5,0.8125
7.5,6,0.7860
7.5,7,0.7595
7.5,8,0.7325
7.5,9,0.7055
7.5,10,0.6790
7.5,11,0.6525
7.5,12,0.6255
7.5,13,0.5990
7.5,14,0.5725
7.5,15,0.5455
7.5,16,0.5185
7.5,17,0.4920
7.5,18,0.4655
7.5,19,0.4385
7.5,20,0.4120
7.5,21,0.3855
7.5,22,0.3585
7.5,23,0.3315
7.5,24,0.3050
7.5,25,0.2785
7.5,26,0.2515
7.5,27,0.2250
7.0,1,0.9060
7.0,2,0.8790
7.0,3,0.8530
7.0,4,0.8260
7.0,5,0.7990
7.0,6,0.7730
7.0,7,0.7460
7.0,8,0.7190
7.0,9,0.6920
7.0,10,0.6660
7.0,11,0.6390
7.0,12,0.6120
7.0,13,0.5860
7.0,14,0.5590
7.0,15,0.5320
7.0,16,0.5050
7.0,17,0.4790
7.0,18,0.4520
7.0,19,0.4250
7.0,20,0.3990
7.0,21,0.3720
7.0,22,0.3450
7.0,23,0.3180
7.0,24,0.2920
7.0,25,0.2650
7.0,26,0.2380
7.0,27,0.2120
6.5,1,0.8925
6.5,2,0.8660
6.5,3,0.8395
6.5,4,0.8125
6.5,5,0.7860
6.5,6,0.7595
6.5,7,0.7325
6.5,8,0.7055
6.5,9,0.6790
6.5,10,0.6525
6.5,11,0.6255
6.5,12,0.5990
6.5,13,0.5725
6.5,14,0.5455
6.5,15,0.5185
6.5,16,0.4920
6.5,17,0.4655
6.5,18,0.4385
6.5,19,0.4120
6.5,20,0.3855
6.5,21,0.3585
6.5,22,0.3315
6.5,23,0.3050
6.5,24,0.2785
6.5,25,0.2515
6.5,26,0.2250
6.0,1,0.8790
6.0,2,0.8530
6.0,3,0.8260
6.0,4,0.7990
6.0,5,0.7730
6.0,6,0.7460
6.0,7,0.7190
6.0,8,0.6920
6.0,9,0.6660
6.0,10,0.6390
6.0,11,0.6120
6.0,12,0.5860
6.0,13,0.5590
6.0,14,0.5320
6.0,15,0.5050
6.0,16,0.4790
6.0,17,0.4520
6.0,18,0.4250
6.0,19,0.3990
6.0,20,0.3720
6.0,21,0.3450
6.0,22,0.3180
6.0,23,0.2920
6.0,24,0.2650
6.0,25,0.2380
6.0,26,0.2120
5.5,1,0.8660
5.5,2,0.8395
5.5,3,0.8125
5.5,4,0.7860
5.5,5,0.7595
5.5,6,0.7325
5.5,7,0.7055
5.5,8,0.6790
5.5,9,0.6525
5.5,10,0.6255
5.5,11,0.5990
5.5,12,0.5725
5.5,13,0.5455
5.5,14,0.5185
5.5,15,0.4920
5.5,16,0.4655
5.5,17,0.4385
5.5,18,0.4120
5.5,19,0.3855
5.5,20,0.3585
5.5,21,0.3315
5.5,22,0.3050
5.5,23,0.2785
5.5,24,0.2515
5.5,25,0.2250
5.0,1,0.8530
5.0,2,0.8260
5.0,3,0.7990
5.0,4,0.7730
5.0,5,0.7460
5.0,6,0.7190
5.0,7,0.6920
5.0,8,0.6660
5.0,9,0.6390
5.0,10,0.6120
5.0,11,0.5860
5.0,12,0.5590
5.0,13,0.5320
5.0,14,0.5050
5.0,15,0.4790
5.0,16,0.4520
5.0,17,0.4250
5.0,18,0.3990
5.0,19,0.3720
5.0,20,0.3450
5.0,21,0.3180
5.0,22,0.2920
5.0,23,0.2650
5.0,24,0.2380
5.0,25,0.2120
4.5,1,0.8395
4.5,2,0.8125
4.5,3,0.7860
4.5,4,0.7595
4.5,5,0.7325
4.5,6,0.7055
4.5,7,0.6790
4.5,8,0.6525
4.5,9,0.6255
4.5,10,0.5990
4.5,11,0.5725
4.5,12,0.5455
4.5,13,0.5185
4.5,14,0.4920
4.5,15,0.4655
4.5,16,0.4385
4.5,17,0.4120
4.5,18,0.3855
4.5,19,0.3585
4.5,20,0.3315
4.5,21,0.3050
4.5,22,0.2785
4.5,23,0.2515
4.5,24,0.2250
4.0,1,0.8260
4.0,2,0.7990
4.0,3,0.7730
4.0,4,0.7460
4.0,5,0.7190
4.0,6,0.6920
4.0,7,0.6660
4.0,8,0.6390
4.0,9,0.6120
4.0,10,0.5860
4.0,11,0.5590
4.0,12,0.5320
4.0,13,0.5050
4.0,14,0.4790
4.0,15,0.4520
4.0,16,0.4250
4.0,17,0.3990
4.0,18,0.3720
4.0,19,0.3450
4.0,20,0.3180
4.0,21,0.2920
4.0,22,0.2650
4.0,23,0.2380
4.0,24,0.2120
3.5,1,0.8125
3.5,2,0.7860
3.5,3,0.7595
3.5,4,0.7325
3.5,5,0.7055
3.5,6,0.6790
3.5,7,0.6525
3.5,8,0.6255
3.5,9,0.5990
3.5,10,0.5725
3.5,11,0.5455
3.5,12,0.5185
3.5,13,0.4920
3.5,14,0.4655
3.5,15,0.4385
3.5,16,0.4120
3.5,17,0.3855
3.5,18,0.3585
3.5,19,0.3315
3.5,20,0.3050
3.5,21,0.2785
3.5,22,0.2515
3.5,23,0.2250
3.0,1,0.7990
3.0,2,0.7730
3.0,3,0.7460
3.0,4,0.7190
3.0,5,0.6920
3.0,6,0.6660
3.0,7,0.6390
3.0,8,0.6120
3.0,9,0.5860
3.0,10,0.5590
3.0,11,0.5320
3.0,12,0.5050
3.0,13,0.4790
3.0,14,0.4520
3.0,15,0.4250
3.0,16,0.3990
3.0,17,0.3720
3.0,18,0.3450
3.0,19,0.3180
3.0,20,0.2920
3.0,21,0.2650
3.0,22,0.2380
3.0,23,0.2120
2.5,1,0.7860
2.5,2,0.7595
2.5,3,0.7325
2.5,4,0.7055
2.5,5,0.6790
2.5,6,0.6525
2.5,7,0.6255
2.5,8,0.5990
2.5,9,0.5725
2.5,10,0.5455
2.5,11,0.5185
2.5,12,0.4920
2.5,13,0.4655
2.5,14,0.4385
2.5,15,0.4120
2.5,16,0.3855
2.5,17,0.3585
2.5,18,0.3315
2.5,19,0.3050
2.5,20,0.2785
2.5,21,0.2515
2.5,22,0.2250
2.0,1,0.7730
2.0,2,0.7460
2.0,3,0.7190
2.0,4,0.6920
2.0,5,0.6660
2.0,6,0.6390
2.0,7,0.6120
2.0,8,0.5860
2.0,9,0.5590
2.0,10,0.5320
2.0,11,0.5050
2.0,12,0.4790
2.0,13,0.4520
2.0,14,0.4250
2.0,15,0.3990
2.0,16,0.3720
2.0,17,0.3450
2.0,18,0.3180
2.0,19,0.2920
2.0,20,0.2650
2.0,21,0.2380
2.0,22,0.2120
1.5,1,0.7595
1.5,2,0.7325
1.5,3,0.7055
1.5,4,0.6790
1.5,5,0.6525
1.5,6,0.6255
1.5,7,0.5990
1.5,8,0.5725
1.5,9,0.5455
1.5,10,0.5185
1.5,11,0.4920
1.5,12,0.4655
1.5,13,0.4385
1.5,14,0.4120
1.5,15,0.3855
1.5,16,0.3585
1.5,17,0.3315
1.5,18,0.3050
1.5,19,0.2785
1.5,20,0.2515
1.5,21,0.2250
1.0,1,0.7460
1.0,2,0.7190
1.0,3,0.6920
1.0,4,0.6660
1.0,5,0.6390
1.0,6,0.6120
1.0,7,0.5860
1.0,8,0.5590
1.0,9,0.5320
1.0,10,0.5050
1.0,11,0.4790
1.0,12,0.4520
1.0,13,0.4250
1.0,14,0.3990
1.0,15,0.3720
1.0,16,0.3450
1.0,17,0.3180
1.0,18,0.2920
1.0,19,0.2650
1.0,20,0.2380
1.0,21,0.2120
0.5,1,0.7325
0.5,2,0.7055
0.5,3,0.6790
0.5,4,0.6525
0.5,5,0.6255
0.5,6,0.5990
0.5,7,0.5725
0.5,8,0.5455
0.5,9,0.5185
0.5,10,0.4920
0.5,11,0.4655
0.5,12,0.4385
0.5,13,0.4120
0.5,14,0.3855
0.5,15,0.3585
0.5,16,0.3315
0.5,17,0.3050
0.5,18,0.2785
0.5,19,0.2515
0.5,20,0.2250
0.0,1,0.7190
0.0,2,0.6920
0.0,3,0.6660
0.0,4,0.6390
0.0,5,0.6120
0.0,6,0.5860
0.0,7,0.5590
0.0,8,0.5320
0.0,9,0.5050
0.0,10,0.4790
0.0,11,0.4520
0.0,12,0.4250
0.0,13,0.3990
0.0,14,0.3720
0.0,15,0.3450
0.0,16,0.3180
0.0,17,0.2920
0.0,18,0.2650
0.0,19,0.2380
0.0,20,0.2120
